paradigm,metric,n,mean_pre,median_pre,mean_post,mean_delta,median_delta,mean_delta_ci95,bootstrap_two_sided_p,proportion_delta_gt_0,proportion_delta_gt_0_wilson95
All,action,133,0.2199248120300752,0.0,0.7185732187611887,0.4986484067311135,0.5,"[0.439953529657477, 0.5565165145005371]",0.0,0.8947368421052632,"[0.8310559993680768, 0.9362553177202877]"
All,capability_sequence,133,0.045112781954887216,0.0,0.3608425826470939,0.3157298006922067,0.25,"[0.2715951336675021, 0.3623364214106695]",0.0,0.8345864661654135,"[0.7622362392369156, 0.8881514485808409]"
All,capability_set,133,0.041353383458646614,0.0,0.14786967418546365,0.10651629072681704,0.0,"[0.05764411027568922, 0.15538847117794485]",0.0,0.24812030075187969,"[0.18247886779370287, 0.3279034346356264]"
Coding,action,80,0.24479166666666666,0.0,0.5728571428571428,0.3280654761904762,0.35,"[0.26072879464285714, 0.3921004464285714]",0.0,0.8375,"[0.7415709565930229, 0.9025018059704963]"
Coding,capability_sequence,80,0.028125,0.0,0.20209821428571428,0.17397321428571427,0.16666666666666666,"[0.14226078869047618, 0.20614620535714284]",0.0,0.7625,"[0.6585922106615945, 0.8423532713322537]"
Coding,capability_set,80,0.05,0.0,0.029166666666666664,-0.020833333333333336,0.0,"[-0.05416666666666667, 0.010416666666666664]",0.1624,0.05,"[0.01961355453554428, 0.1216227620464301]"
Web,action,53,0.18238993710691823,0.0,0.9385220125786163,0.7561320754716981,0.8,"[0.6874737945492663, 0.8191850104821803]",0.0,0.9811320754716981,"[0.9005708794749876, 0.9966615466117361]"
Web,capability_sequence,53,0.07075471698113207,0.0,0.6004567235699311,0.5297020065887991,0.5,"[0.45696802935010483, 0.6017546421084157]",0.0,0.9433962264150944,"[0.8462979168981911, 0.9805633385150642]"
Web,capability_set,53,0.02830188679245283,0.0,0.3270440251572327,0.29874213836477986,0.3333333333333333,"[0.20754716981132074, 0.3930817610062893]",0.0,0.5471698113207547,"[0.414539754871058, 0.6734242084707774]"
