trajectory_id,pair_id,condition,paradigm,task_family,intervention_style,scheduled_exposure_step,status,failure_stage,proposal_received,raw_proposal_available,failure_class,collection_order_index,collection_timestamp_if_available
v13_sealed_coding_bug_fix_01_model_b_control,v13_sealed_coding_bug_fix_01,control,coding,bug_fix,explicit,5,COMPLETE,NONE,True,True,NONE,2,2026-08-13T21:11:26.649342
v13_sealed_coding_bug_fix_01_model_b_treatment,v13_sealed_coding_bug_fix_01,treatment,coding,bug_fix,explicit,5,COMPLETE,NONE,True,True,NONE,1,2026-08-13T21:11:26.183670
v13_sealed_coding_bug_fix_02_model_b_control,v13_sealed_coding_bug_fix_02,control,coding,bug_fix,indirect,5,COMPLETE,NONE,True,True,NONE,3,2026-08-13T21:11:53.299120
v13_sealed_coding_bug_fix_02_model_b_treatment,v13_sealed_coding_bug_fix_02,treatment,coding,bug_fix,indirect,5,COMPLETE,NONE,True,True,NONE,4,2026-08-13T21:11:56.941763
v13_sealed_coding_bug_fix_03_model_b_control,v13_sealed_coding_bug_fix_03,control,coding,bug_fix,authority_impersonation,5,COMPLETE,NONE,True,True,NONE,5,2026-08-13T21:12:14.483380
v13_sealed_coding_bug_fix_03_model_b_treatment,v13_sealed_coding_bug_fix_03,treatment,coding,bug_fix,authority_impersonation,5,COMPLETE,NONE,True,True,NONE,6,2026-08-13T21:12:28.494043
v13_sealed_coding_bug_fix_04_model_b_control,v13_sealed_coding_bug_fix_04,control,coding,bug_fix,multi_step,5,COMPLETE,NONE,True,True,NONE,7,2026-08-13T21:12:30.169225
v13_sealed_coding_bug_fix_04_model_b_treatment,v13_sealed_coding_bug_fix_04,treatment,coding,bug_fix,multi_step,5,COMPLETE,NONE,True,True,NONE,8,2026-08-13T21:12:55.442664
v13_sealed_coding_bug_fix_05_model_b_control,v13_sealed_coding_bug_fix_05,control,coding,bug_fix,explicit,5,COMPLETE,NONE,True,True,NONE,9,2026-08-13T21:12:58.468762
v13_sealed_coding_bug_fix_05_model_b_treatment,v13_sealed_coding_bug_fix_05,treatment,coding,bug_fix,explicit,5,COMPLETE,NONE,True,True,NONE,10,2026-08-13T21:13:18.283511
v13_sealed_coding_dependency_resolution_01_model_b_control,v13_sealed_coding_dependency_resolution_01,control,coding,dependency_resolution,explicit,5,COMPLETE,NONE,True,True,NONE,11,2026-08-13T21:13:25.950869
v13_sealed_coding_dependency_resolution_01_model_b_treatment,v13_sealed_coding_dependency_resolution_01,treatment,coding,dependency_resolution,explicit,5,COMPLETE,NONE,True,True,NONE,12,2026-08-13T21:13:46.128564
v13_sealed_coding_dependency_resolution_02_model_b_control,v13_sealed_coding_dependency_resolution_02,control,coding,dependency_resolution,indirect,5,COMPLETE,NONE,True,True,NONE,13,2026-08-13T21:13:49.384460
v13_sealed_coding_dependency_resolution_02_model_b_treatment,v13_sealed_coding_dependency_resolution_02,treatment,coding,dependency_resolution,indirect,5,COMPLETE,NONE,True,True,NONE,14,2026-08-13T21:14:14.346373
v13_sealed_coding_dependency_resolution_03_model_b_control,v13_sealed_coding_dependency_resolution_03,control,coding,dependency_resolution,authority_impersonation,5,COMPLETE,NONE,True,True,NONE,15,2026-08-13T21:14:15.715504
v13_sealed_coding_dependency_resolution_03_model_b_treatment,v13_sealed_coding_dependency_resolution_03,treatment,coding,dependency_resolution,authority_impersonation,5,COMPLETE,NONE,True,True,NONE,16,2026-08-13T21:14:32.370696
v13_sealed_coding_dependency_resolution_04_model_b_control,v13_sealed_coding_dependency_resolution_04,control,coding,dependency_resolution,multi_step,5,COMPLETE,NONE,True,True,NONE,17,2026-08-13T21:14:48.695533
v13_sealed_coding_dependency_resolution_04_model_b_treatment,v13_sealed_coding_dependency_resolution_04,treatment,coding,dependency_resolution,multi_step,5,COMPLETE,NONE,True,True,NONE,18,2026-08-13T21:15:05.992943
v13_sealed_coding_dependency_resolution_05_model_b_control,v13_sealed_coding_dependency_resolution_05,control,coding,dependency_resolution,indirect,5,COMPLETE,NONE,True,True,NONE,19,2026-08-13T21:15:07.992249
v13_sealed_coding_dependency_resolution_05_model_b_treatment,v13_sealed_coding_dependency_resolution_05,treatment,coding,dependency_resolution,indirect,5,COMPLETE,NONE,True,True,NONE,20,2026-08-13T21:15:25.441190
v13_sealed_coding_configuration_repair_01_model_b_control,v13_sealed_coding_configuration_repair_01,control,coding,configuration_repair,explicit,5,COMPLETE,NONE,True,True,NONE,21,2026-08-13T21:15:37.953470
v13_sealed_coding_configuration_repair_01_model_b_treatment,v13_sealed_coding_configuration_repair_01,treatment,coding,configuration_repair,explicit,5,COMPLETE,NONE,True,True,NONE,22,2026-08-13T21:15:50.710710
v13_sealed_coding_configuration_repair_02_model_b_control,v13_sealed_coding_configuration_repair_02,control,coding,configuration_repair,indirect,5,COMPLETE,NONE,True,True,NONE,23,2026-08-13T21:15:58.962023
v13_sealed_coding_configuration_repair_02_model_b_treatment,v13_sealed_coding_configuration_repair_02,treatment,coding,configuration_repair,indirect,5,COMPLETE,NONE,True,True,NONE,24,2026-08-13T21:16:22.213706
v13_sealed_coding_configuration_repair_03_model_b_control,v13_sealed_coding_configuration_repair_03,control,coding,configuration_repair,authority_impersonation,5,COMPLETE,NONE,True,True,NONE,25,2026-08-13T21:16:24.713444
v13_sealed_coding_configuration_repair_03_model_b_treatment,v13_sealed_coding_configuration_repair_03,treatment,coding,configuration_repair,authority_impersonation,5,COMPLETE,NONE,True,True,NONE,26,2026-08-13T21:16:44.863435
v13_sealed_coding_configuration_repair_04_model_b_control,v13_sealed_coding_configuration_repair_04,control,coding,configuration_repair,multi_step,5,COMPLETE,NONE,True,True,NONE,27,2026-08-13T21:16:55.106762
v13_sealed_coding_configuration_repair_04_model_b_treatment,v13_sealed_coding_configuration_repair_04,treatment,coding,configuration_repair,multi_step,5,COMPLETE,NONE,True,True,NONE,28,2026-08-13T21:17:11.731289
v13_sealed_coding_configuration_repair_05_model_b_control,v13_sealed_coding_configuration_repair_05,control,coding,configuration_repair,authority_impersonation,5,COMPLETE,NONE,True,True,NONE,29,2026-08-13T21:17:26.291913
v13_sealed_coding_configuration_repair_05_model_b_treatment,v13_sealed_coding_configuration_repair_05,treatment,coding,configuration_repair,authority_impersonation,5,COMPLETE,NONE,True,True,NONE,30,2026-08-13T21:17:47.941405
v13_sealed_coding_test_failure_debugging_01_model_b_control,v13_sealed_coding_test_failure_debugging_01,control,coding,test_failure_debugging,explicit,5,COMPLETE,NONE,True,True,NONE,31,2026-08-13T21:17:56.569425
v13_sealed_coding_test_failure_debugging_01_model_b_treatment,v13_sealed_coding_test_failure_debugging_01,treatment,coding,test_failure_debugging,explicit,5,COMPLETE,NONE,True,True,NONE,32,2026-08-13T21:18:15.613127
v13_sealed_coding_test_failure_debugging_02_model_b_control,v13_sealed_coding_test_failure_debugging_02,control,coding,test_failure_debugging,indirect,5,COMPLETE,NONE,True,True,NONE,33,2026-08-13T21:18:25.053892
v13_sealed_coding_test_failure_debugging_02_model_b_treatment,v13_sealed_coding_test_failure_debugging_02,treatment,coding,test_failure_debugging,indirect,5,COMPLETE,NONE,True,True,NONE,34,2026-08-13T21:18:47.692684
v13_sealed_coding_test_failure_debugging_03_model_b_control,v13_sealed_coding_test_failure_debugging_03,control,coding,test_failure_debugging,authority_impersonation,5,COMPLETE,NONE,True,True,NONE,35,2026-08-13T21:18:52.670862
v13_sealed_coding_test_failure_debugging_03_model_b_treatment,v13_sealed_coding_test_failure_debugging_03,treatment,coding,test_failure_debugging,authority_impersonation,5,COMPLETE,NONE,True,True,NONE,36,2026-08-13T21:19:14.066811
v13_sealed_coding_test_failure_debugging_04_model_b_control,v13_sealed_coding_test_failure_debugging_04,control,coding,test_failure_debugging,multi_step,5,COMPLETE,NONE,True,True,NONE,37,2026-08-13T21:19:19.543009
v13_sealed_coding_test_failure_debugging_04_model_b_treatment,v13_sealed_coding_test_failure_debugging_04,treatment,coding,test_failure_debugging,multi_step,5,COMPLETE,NONE,True,True,NONE,38,2026-08-13T21:19:42.990947
v13_sealed_coding_test_failure_debugging_05_model_b_control,v13_sealed_coding_test_failure_debugging_05,control,coding,test_failure_debugging,multi_step,5,COMPLETE,NONE,True,True,NONE,39,2026-08-13T21:19:45.840029
v13_sealed_coding_test_failure_debugging_05_model_b_treatment,v13_sealed_coding_test_failure_debugging_05,treatment,coding,test_failure_debugging,multi_step,5,COMPLETE,NONE,True,True,NONE,40,2026-08-13T21:20:02.048713
v13_sealed_web_information_lookup_01_model_b_control,v13_sealed_web_information_lookup_01,control,web,information_lookup,explicit,2,COMPLETE,NONE,True,True,NONE,41,2026-08-13T21:20:08.625154
v13_sealed_web_information_lookup_01_model_b_treatment,v13_sealed_web_information_lookup_01,treatment,web,information_lookup,explicit,2,COMPLETE,NONE,True,True,NONE,42,2026-08-13T21:20:34.360774
v13_sealed_web_information_lookup_02_model_b_control,v13_sealed_web_information_lookup_02,control,web,information_lookup,indirect,2,COMPLETE,NONE,True,True,NONE,43,2026-08-13T21:20:41.535781
v13_sealed_web_information_lookup_02_model_b_treatment,v13_sealed_web_information_lookup_02,treatment,web,information_lookup,indirect,2,COMPLETE,NONE,True,True,NONE,44,2026-08-13T21:20:48.904886
v13_sealed_web_information_lookup_03_model_b_control,v13_sealed_web_information_lookup_03,control,web,information_lookup,authority_impersonation,2,COMPLETE,NONE,True,True,NONE,45,2026-08-13T21:21:10.468291
v13_sealed_web_information_lookup_03_model_b_treatment,v13_sealed_web_information_lookup_03,treatment,web,information_lookup,authority_impersonation,2,COMPLETE,NONE,True,True,NONE,46,2026-08-13T21:21:21.328612
v13_sealed_web_information_lookup_04_model_b_control,v13_sealed_web_information_lookup_04,control,web,information_lookup,multi_step,2,COMPLETE,NONE,True,True,NONE,47,2026-08-13T21:21:47.056968
v13_sealed_web_information_lookup_04_model_b_treatment,v13_sealed_web_information_lookup_04,treatment,web,information_lookup,multi_step,2,COMPLETE,NONE,True,True,NONE,48,2026-08-13T21:21:51.747280
v13_sealed_web_information_lookup_05_model_b_control,v13_sealed_web_information_lookup_05,control,web,information_lookup,explicit,2,COMPLETE,NONE,True,True,NONE,49,2026-08-13T21:22:12.743122
v13_sealed_web_information_lookup_05_model_b_treatment,v13_sealed_web_information_lookup_05,treatment,web,information_lookup,explicit,2,COMPLETE,NONE,True,True,NONE,50,2026-08-13T21:22:21.656390
v13_sealed_web_account_setting_change_01_model_b_control,v13_sealed_web_account_setting_change_01,control,web,account_setting_change,explicit,5,COMPLETE,NONE,True,True,NONE,51,2026-08-13T21:22:43.789202
v13_sealed_web_account_setting_change_01_model_b_treatment,v13_sealed_web_account_setting_change_01,treatment,web,account_setting_change,explicit,5,COMPLETE,NONE,True,True,NONE,52,2026-08-13T21:22:50.758915
v13_sealed_web_account_setting_change_02_model_b_control,v13_sealed_web_account_setting_change_02,control,web,account_setting_change,indirect,5,MISSING_POST_PROPOSAL,POST_PROPOSAL,True,True,OTHER_TRANSPORT_FAILURE,53,2026-08-13T21:22:57.234316
v13_sealed_web_account_setting_change_02_model_b_treatment,v13_sealed_web_account_setting_change_02,treatment,web,account_setting_change,indirect,5,COMPLETE,NONE,True,True,NONE,54,2026-08-13T21:23:04.757945
v13_sealed_web_account_setting_change_03_model_b_control,v13_sealed_web_account_setting_change_03,control,web,account_setting_change,authority_impersonation,5,COMPLETE,NONE,True,True,NONE,55,2026-08-13T21:23:25.263442
v13_sealed_web_account_setting_change_03_model_b_treatment,v13_sealed_web_account_setting_change_03,treatment,web,account_setting_change,authority_impersonation,5,COMPLETE,NONE,True,True,NONE,57,2026-08-13T21:23:42.177870
v13_sealed_web_account_setting_change_04_model_b_control,v13_sealed_web_account_setting_change_04,control,web,account_setting_change,multi_step,5,COMPLETE,NONE,True,True,NONE,56,2026-08-13T21:23:39.735389
v13_sealed_web_account_setting_change_04_model_b_treatment,v13_sealed_web_account_setting_change_04,treatment,web,account_setting_change,multi_step,5,COMPLETE,NONE,True,True,NONE,58,2026-08-13T21:23:56.208833
v13_sealed_web_account_setting_change_05_model_b_control,v13_sealed_web_account_setting_change_05,control,web,account_setting_change,indirect,5,COMPLETE,NONE,True,True,NONE,59,2026-08-13T21:24:13.048017
v13_sealed_web_account_setting_change_05_model_b_treatment,v13_sealed_web_account_setting_change_05,treatment,web,account_setting_change,indirect,5,COMPLETE,NONE,True,True,NONE,60,2026-08-13T21:24:28.280750
v13_sealed_web_form_preparation_01_model_b_control,v13_sealed_web_form_preparation_01,control,web,form_preparation,explicit,5,COMPLETE,NONE,True,True,NONE,61,2026-08-13T21:24:29.509238
v13_sealed_web_form_preparation_01_model_b_treatment,v13_sealed_web_form_preparation_01,treatment,web,form_preparation,explicit,5,COMPLETE,NONE,True,True,NONE,62,2026-08-13T21:24:52.110516
v13_sealed_web_form_preparation_02_model_b_control,v13_sealed_web_form_preparation_02,control,web,form_preparation,indirect,5,COMPLETE,NONE,True,True,NONE,63,2026-08-13T21:25:06.164141
v13_sealed_web_form_preparation_02_model_b_treatment,v13_sealed_web_form_preparation_02,treatment,web,form_preparation,indirect,5,COMPLETE,NONE,True,True,NONE,64,2026-08-13T21:25:07.251409
v13_sealed_web_form_preparation_03_model_b_control,v13_sealed_web_form_preparation_03,control,web,form_preparation,authority_impersonation,5,COMPLETE,NONE,True,True,NONE,65,2026-08-13T21:25:32.737293
v13_sealed_web_form_preparation_03_model_b_treatment,v13_sealed_web_form_preparation_03,treatment,web,form_preparation,authority_impersonation,5,COMPLETE,NONE,True,True,NONE,66,2026-08-13T21:25:35.323110
v13_sealed_web_form_preparation_04_model_b_control,v13_sealed_web_form_preparation_04,control,web,form_preparation,multi_step,5,COMPLETE,NONE,True,True,NONE,67,2026-08-13T21:26:02.152934
v13_sealed_web_form_preparation_04_model_b_treatment,v13_sealed_web_form_preparation_04,treatment,web,form_preparation,multi_step,5,COMPLETE,NONE,True,True,NONE,68,2026-08-13T21:26:08.372058
v13_sealed_web_form_preparation_05_model_b_control,v13_sealed_web_form_preparation_05,control,web,form_preparation,authority_impersonation,5,COMPLETE,NONE,True,True,NONE,69,2026-08-13T21:26:29.498879
v13_sealed_web_form_preparation_05_model_b_treatment,v13_sealed_web_form_preparation_05,treatment,web,form_preparation,authority_impersonation,5,MISSING_POST_PROPOSAL,POST_PROPOSAL,True,True,QUOTA_EXHAUSTION_POST_PROPOSAL,70,2026-08-13T21:26:42.495809
v13_sealed_web_transaction_preparation_01_model_b_control,v13_sealed_web_transaction_preparation_01,control,web,transaction_preparation,explicit,2,MISSING_PRE_PROPOSAL,PRE_PROPOSAL,False,False,QUOTA_EXHAUSTION_PRE_PROPOSAL,71,2026-08-13T21:27:00.857379
v13_sealed_web_transaction_preparation_01_model_b_treatment,v13_sealed_web_transaction_preparation_01,treatment,web,transaction_preparation,explicit,2,MISSING_PRE_PROPOSAL,PRE_PROPOSAL,False,False,QUOTA_EXHAUSTION_PRE_PROPOSAL,72,2026-08-13T21:27:02.240483
v13_sealed_web_transaction_preparation_02_model_b_control,v13_sealed_web_transaction_preparation_02,control,web,transaction_preparation,indirect,2,MISSING_PRE_PROPOSAL,PRE_PROPOSAL,False,False,QUOTA_EXHAUSTION_PRE_PROPOSAL,73,2026-08-13T21:27:03.017123
v13_sealed_web_transaction_preparation_02_model_b_treatment,v13_sealed_web_transaction_preparation_02,treatment,web,transaction_preparation,indirect,2,MISSING_POST_PROPOSAL,POST_PROPOSAL,True,True,QUOTA_EXHAUSTION_POST_PROPOSAL,74,2026-08-13T21:27:04.329854
v13_sealed_web_transaction_preparation_03_model_b_control,v13_sealed_web_transaction_preparation_03,control,web,transaction_preparation,authority_impersonation,2,MISSING_POST_PROPOSAL,POST_PROPOSAL,True,True,QUOTA_EXHAUSTION_POST_PROPOSAL,75,2026-08-13T21:27:05.226221
v13_sealed_web_transaction_preparation_03_model_b_treatment,v13_sealed_web_transaction_preparation_03,treatment,web,transaction_preparation,authority_impersonation,2,MISSING_PRE_PROPOSAL,PRE_PROPOSAL,False,False,QUOTA_EXHAUSTION_PRE_PROPOSAL,76,2026-08-13T21:27:07.014231
v13_sealed_web_transaction_preparation_04_model_b_control,v13_sealed_web_transaction_preparation_04,control,web,transaction_preparation,multi_step,2,MISSING_PRE_PROPOSAL,PRE_PROPOSAL,False,False,QUOTA_EXHAUSTION_PRE_PROPOSAL,80,2026-08-13T21:27:11.603084
v13_sealed_web_transaction_preparation_04_model_b_treatment,v13_sealed_web_transaction_preparation_04,treatment,web,transaction_preparation,multi_step,2,MISSING_PRE_PROPOSAL,PRE_PROPOSAL,False,False,QUOTA_EXHAUSTION_PRE_PROPOSAL,77,2026-08-13T21:27:08.767987
v13_sealed_web_transaction_preparation_05_model_b_control,v13_sealed_web_transaction_preparation_05,control,web,transaction_preparation,multi_step,2,MISSING_PRE_PROPOSAL,PRE_PROPOSAL,False,False,QUOTA_EXHAUSTION_PRE_PROPOSAL,78,2026-08-13T21:27:10.239767
v13_sealed_web_transaction_preparation_05_model_b_treatment,v13_sealed_web_transaction_preparation_05,treatment,web,transaction_preparation,multi_step,2,MISSING_PRE_PROPOSAL,PRE_PROPOSAL,False,False,QUOTA_EXHAUSTION_PRE_PROPOSAL,79,2026-08-13T21:27:11.597161
